,Transcription Factor,Transcription Regulator,Chromatin Binding,Chromatin Organization,TAF-Mediator,miRNA host gene,Histone Modifying Enzyme
greater50_greater200,10.662824207492795,16.044776119402986,27.146814404432135,24.583333333333332,16.51376146788991,15.286624203821656,30.833333333333336
lower50_greater200,24.207492795389047,30.223880597014922,24.653739612188367,23.333333333333332,21.100917431192663,51.59235668789809,20.833333333333336
greater50_lower200,0.0,0.3731343283582089,0.0,0.4166666666666667,0.0,0.0,0.0
lower50_lower200,65.12968299711815,53.35820895522389,48.199445983379505,51.66666666666667,62.38532110091744,33.12101910828025,48.333333333333336
